Unnamed: 0,Age,Sex,Job,Housing,Saving accounts,Checking account,Credit amount,Duration,Purpose,Cluster,PCA1,PCA2
0,67,1,2,1,4,0,1169,6,5,2,-0.3846677500216702,2.5591188748356615
1,22,0,2,1,0,1,5951,48,5,0,0.9890866458733505,-2.4025732603476935
2,49,1,1,1,0,3,2096,12,3,2,-0.8296206944044303,1.753224445682522
3,45,1,2,0,0,0,7882,42,4,0,2.7169669657995166,0.019550824148810746
4,53,1,2,0,0,0,4870,24,1,0,1.7021803555148467,1.205511869335518
5,35,1,1,0,4,3,9055,36,3,0,2.344319106735646,1.2524732773435474
6,53,1,2,1,2,3,2835,24,4,2,0.5052354148039209,1.7467766613261149
7,35,1,3,2,0,1,6948,36,1,0,1.702509011565503,-1.6364917293565906
8,61,1,1,1,3,3,3059,12,5,2,-0.4413764026355964,2.746830555056204
9,28,1,3,1,0,1,5234,30,1,0,1.5903543179934294,-0.8944851969570958
10,25,0,2,2,0,1,1295,12,1,1,-1.7681348544742521,-1.620006417019253
11,24,0,2,2,0,0,4308,48,0,0,0.5575909905595092,-3.133446742415452
12,22,0,2,1,0,1,1567,12,5,1,-1.5303413776008887,-1.075972614763848
13,60,1,1,1,0,0,1199,24,1,2,-0.09721706628675296,1.276635128627454
14,28,0,2,2,0,0,1403,15,1,1,-1.5608401772829739,-1.8347738252376289
15,32,0,1,1,1,0,1282,24,5,1,-1.3655925389584813,-0.8033907019032692
16,53,1,2,1,4,3,2424,24,5,2,0.45981552901932643,2.110931171344706
17,25,1,2,1,4,0,8072,30,0,0,1.9505862502201854,-0.7313158112290882
18,44,0,3,0,0,1,12579,24,1,0,3.137973736573018,-0.6318669484834122
19,31,1,2,1,2,3,3430,24,5,2,0.1947148414732608,0.5721881986622206
20,48,1,2,1,0,3,2134,9,1,2,-0.23533113554202345,1.643988054550102
21,44,1,2,2,2,0,2647,6,5,2,-1.183056591141523,0.14319645974243242
22,48,1,1,2,0,0,2241,10,1,2,-1.3148181623210007,0.15431587616405207
23,44,1,2,1,1,1,1804,12,1,2,-0.15299008936570047,1.0136230202492789
24,26,1,2,1,4,3,2069,10,4,2,-0.5597265662457753,1.1627331150967413
25,36,1,1,1,0,0,1374,6,4,2,-1.5304416002152916,0.4710027625506879
26,39,1,1,1,0,3,426,6,5,2,-1.7861856249642487,1.527522719854353
27,42,0,2,2,3,2,409,12,5,1,-1.8774964550695488,0.04270005450982286
28,34,1,2,1,0,1,2415,7,5,2,-0.8609689614623413,0.35178210061864845
29,63,1,2,1,0,0,6836,60,0,0,3.364390998580335,-0.16576475631945037
30,36,1,2,1,3,1,1913,18,0,2,0.2499506472683808,0.8057236879527362
31,27,1,2,1,0,0,4020,24,4,2,0.22804673930586103,-0.8459396742957725
32,30,1,2,1,1,1,5866,18,1,2,0.7330442964533782,-0.22232633993718653
33,57,1,1,2,4,3,1264,12,0,2,-0.9312425700029949,2.17560181630473
34,33,0,3,1,0,2,1474,12,4,1,-0.7446068068354285,-0.3867339231251817
35,25,1,1,1,0,1,4746,45,5,0,0.6506244992117052,-1.1296122036679694
36,31,1,2,0,0,3,6110,48,3,0,2.4997248294841983,0.17228877681944277
37,37,1,2,1,0,2,2100,18,5,2,-0.38604650690752607,0.526586818248802
38,37,1,2,1,0,2,1225,10,2,2,-0.6354834515446959,0.8568709121058846
39,24,1,2,1,0,1,458,9,5,2,-1.3217617666988983,-0.018961873118234808
40,30,1,3,1,2,3,2333,30,5,2,0.7706956648858942,0.30929450141819514
41,26,1,2,1,2,1,1158,12,5,2,-0.8782216727761518,0.2812211660034052
42,44,1,1,1,0,1,6204,18,6,2,-0.07817888236904674,0.3579356236537103
43,24,1,2,2,1,0,6187,30,1,0,0.6382228962251122,-1.918054033434215
44,58,0,1,0,0,0,6143,48,1,0,2.0421630665422876,0.0929530146444002
45,35,0,3,1,0,3,1393,11,1,1,-0.4888773420782275,0.06636329106988521
46,39,1,2,1,2,3,2299,36,5,2,0.6293035736569851,0.7671100032289808
47,23,0,0,2,2,0,1352,6,1,1,-3.0039471604436887,-1.198175151843802
48,39,1,1,1,0,3,7228,11,1,2,0.21452884749474282,0.8184043276701096
49,28,0,2,1,1,3,2073,12,5,1,-1.2743693428852092,-0.10385512091106817
50,29,1,1,1,4,1,2333,24,4,2,-0.3620412174421832,0.529122600697822
51,30,1,3,1,0,1,5965,27,1,0,1.636203729841443,-0.7944657910066687
52,25,1,2,1,0,3,1262,12,5,2,-1.0141862787612026,0.4318530912844691
53,31,1,2,1,4,3,3378,18,1,2,0.43629225009297734,1.1252570541366986
54,57,1,2,0,0,1,2225,36,1,0,1.7641840095952976,1.6148595455962838
55,26,1,1,1,4,3,783,6,1,2,-1.2540448405251687,1.5818009367643588
56,52,1,3,1,4,1,6468,12,5,2,1.2795199953135987,1.2673724969386375
57,31,0,2,1,0,3,9566,36,5,0,1.3162023454973815,-1.440001183779318
58,23,0,3,1,0,2,1961,18,1,1,-0.23558368213898306,-1.0463153033516253
59,23,0,1,2,0,0,6229,36,4,1,-0.535975955055177,-2.967591586177243
60,27,1,2,1,0,1,1391,9,0,2,-0.6010848051947509,0.11395057814138333
61,50,1,2,1,4,1,1537,15,5,2,-0.16372935692561014,1.709431312214742
62,61,1,3,0,0,1,1953,36,0,0,2.4098655685116057,1.6955745490194718
63,25,1,2,1,0,1,14421,48,0,0,3.786840633050044,-2.2011848508140583
64,26,0,2,1,0,3,3181,24,5,1,-0.6036794681427097,-0.7880397123709596
65,48,1,2,1,4,3,5190,27,6,2,0.9883487890347636,1.500739989348467
66,29,0,2,1,0,3,2171,12,5,1,-1.3057642278916513,-0.23754041802363599
67,22,1,2,1,3,1,1007,12,1,2,-0.5145519868647582,0.3205226386274239
68,37,1,2,0,0,3,1819,36,3,2,1.1756909275903793,1.1741408650508012
69,25,0,2,1,4,3,2394,36,5,1,0.03223390210588283,-0.3866381753557325
70,30,0,2,1,0,3,8133,36,1,0,1.3963324960278294,-1.2992092021076658
71,46,1,1,2,4,3,730,7,5,2,-1.9159379085617707,1.7207720680101266
72,51,1,3,0,0,0,1164,8,7,2,0.15873115150340364,1.5998025503550355
73,41,0,1,1,0,1,5954,42,0,0,0.9523853979786627,-1.0801867340739235
74,40,1,3,1,4,0,1977,36,3,0,1.462843524540509,0.22305868142512075
75,66,1,3,0,0,0,1526,12,1,2,1.222713482948577,2.303291245829685
76,34,1,2,1,0,0,3965,42,5,0,1.0417853673228459,-0.973229801897503
77,51,1,2,1,0,1,4771,11,5,2,0.06152589526521842,0.8707983586113613
78,39,1,1,1,4,3,9436,54,1,0,2.8776079981147484,0.19375444287365562
79,22,1,2,1,0,1,3832,30,4,2,0.3826394952575979,-0.9636680848492748
80,44,0,2,1,4,3,5943,24,5,1,0.5042100389402364,0.5365645710286201
81,47,1,2,1,2,3,1213,15,5,2,-0.417092688340536,1.79820886888672
82,24,0,1,2,1,3,1568,18,0,1,-1.8402426731575463,-0.963429683518099
83,58,0,1,1,0,0,1755,24,7,1,-1.1304594087200548,0.23988488423595059
84,52,1,1,1,0,0,2315,10,5,2,-1.0080507265018988,1.055573636453386
85,29,0,3,1,0,3,1412,12,0,1,-0.4329175908951844,-0.2543761664321232
86,27,0,2,1,0,1,1295,18,4,1,-1.1386175987266323,-0.9529684966910374
87,47,1,2,0,1,1,12612,36,3,0,3.604773805919769,0.2772398218247676
88,30,1,3,1,1,0,2249,18,1,2,0.5447778748917741,-0.33066067505111907
89,28,1,2,1,0,0,1108,12,6,2,-1.083496098739474,-0.25824866205611824
90,56,1,2,1,0,3,618,12,5,2,-0.6709363056100297,2.0368005599880536
91,54,1,2,1,0,0,1409,12,1,2,-0.14159710257783198,1.0891345968370016
92,33,0,1,1,4,3,797,12,5,1,-1.7973868781198297,0.9294533264645988
93,20,1,2,2,4,2,3617,24,4,2,-0.3115630267826676,-0.7102438555363775
94,54,1,2,1,3,1,1318,12,1,2,0.03821035453177172,1.88833087669002
95,58,1,2,2,0,1,15945,54,0,0,4.258364066021563,-1.6302902768006693
96,61,0,2,1,4,3,2012,12,3,1,-0.3857707580454722,2.088290743854008
97,34,1,2,1,1,1,2622,18,0,2,0.23213975040519147,0.2835841002074654
98,36,1,2,1,0,1,2337,36,5,2,0.46645081217312034,-0.2944396852040629
99,36,1,3,2,4,1,7057,20,1,0,1.290661996356216,-0.5215056862896423
100,41,1,1,2,1,3,1469,24,1,2,-0.8875182732250163,0.5074180482281018
101,24,1,2,2,0,1,2323,36,5,2,-0.3343896353320144,-1.673953395270873
102,24,0,2,1,0,3,932,6,5,1,-1.9041459719251317,-0.22593023166543239
103,35,1,2,2,0,1,1919,9,4,2,-1.3716060325679373,-0.38207223846595156
104,26,1,2,2,4,3,2445,12,1,2,-0.7140962663891263,0.32588109308729957
105,39,1,3,1,0,1,11938,24,7,0,2.2776662938326724,-0.925843020652468
106,39,1,3,1,0,3,6458,18,1,0,1.4622029506647878,0.3839215399911575
107,32,1,2,1,0,1,6078,12,1,2,0.47161706360540256,-0.17492413343334925
108,30,0,2,1,4,0,7721,24,4,1,0.7626049062217768,-1.1540887140276432
109,35,1,2,1,2,1,1410,14,0,2,-0.11253002550195206,0.7180146630624453
110,31,1,2,1,1,1,1449,6,0,2,-0.5942504694382496,0.5467597931068634
111,23,0,2,2,0,2,392,15,3,1,-2.0403177870782976,-1.4841461743437006
112,28,1,1,2,0,1,6260,18,1,2,-0.4391450299636435,-1.1674293089614372
113,25,0,2,1,0,3,7855,36,1,0,1.2651959731498725,-1.5319897824912259
114,35,1,2,1,2,0,1680,12,5,2,-0.6275401371904122,0.39111001155254804
115,47,1,2,1,4,3,3578,48,5,0,1.691789132603237,1.0707340388349367
116,30,0,3,1,4,0,7174,42,5,0,1.910678686598518,-1.7368240826901125
117,27,0,2,2,4,0,2132,10,4,1,-1.6697467035462814,-1.2052471487737404
118,23,0,2,1,2,0,4281,33,4,1,0.22660961833131568,-1.756731098181915
119,36,1,3,1,2,1,2366,12,1,2,0.4540121681382351,0.554581939651039
120,25,0,2,1,0,0,1835,21,5,1,-1.0149991355849264,-1.479233090788143
121,41,0,3,2,0,3,3868,24,1,1,0.08267299305258255,-0.9908527759851686
122,24,1,1,2,0,3,1768,12,4,2,-1.9845961837233743,-0.2856250815537951
123,63,1,2,0,0,2,781,10,1,2,0.38605740998468263,2.9777511774057475
124,27,0,2,2,4,1,1924,18,4,1,-1.3543610081902695,-1.1137286744676478
125,30,1,2,1,0,0,2121,12,1,2,-0.36112546272390805,-0.18583956529744675
126,40,1,1,1,0,0,701,12,5,2,-1.4281000536472357,0.5465010853879303
127,30,1,2,1,0,1,639,12,6,2,-1.1508305413301636,0.15585307113773206
128,34,1,3,1,0,1,1860,12,1,2,0.18599650285332683,0.15754076059828723
129,29,0,2,1,0,0,3499,12,1,1,-0.6337813573898241,-1.1475041327863393
130,24,0,2,1,4,1,8487,48,1,0,2.198621983945203,-1.8208194122643075
131,29,1,2,1,0,0,6887,36,3,0,1.4861479725433697,-1.3250877071640994
132,27,1,1,1,0,3,2708,15,4,2,-0.9961984479788334,0.4775123224873058
133,47,1,2,0,0,3,1984,18,4,2,0.45490616336559475,2.091042779422592
134,21,0,2,1,1,3,10144,60,5,0,2.4361253755120424,-2.4510065739182365
135,38,0,2,1,4,3,1240,12,5,1,-1.0859276000279676,0.9716209381485841
136,27,1,2,1,3,3,8613,27,1,0,1.7853547217875665,0.017903723420742357
137,66,1,1,1,2,1,766,12,5,2,-0.8868369280472619,2.4600853915443617
138,35,1,2,1,4,1,2728,15,5,2,-0.14645434621411968,0.8318057811792151
139,44,0,1,2,0,2,1881,12,5,1,-2.2871707438005724,-0.37237780794339204
140,27,1,0,1,3,2,709,6,1,2,-1.8568050880456692,1.3315814187968598
141,30,0,3,1,0,1,4795,36,5,0,0.8824051187497,-1.7734548680366098
142,27,1,3,1,0,0,3416,27,5,2,0.6913789044225688,-1.0608715966804476
143,22,1,2,1,0,0,2462,18,4,2,-0.43214634826011883,-0.819411361690384
144,23,0,2,1,0,3,2288,21,4,1,-0.8668725333690456,-0.7790295532703251
145,30,1,2,1,1,1,3566,48,0,0,1.7206379568459094,-0.779884364282144
146,39,0,2,1,0,0,860,6,1,1,-1.289586128241579,-0.2501071565823155
147,51,0,2,1,1,3,682,12,1,1,-0.8159091339858825,1.217966831003101
148,28,1,2,1,0,0,5371,36,4,0,1.0657478844275563,-1.2514569135795708
149,46,1,2,1,3,3,1582,18,5,2,-0.15136132497626226,1.7949470733312936
150,42,1,2,0,1,3,1346,6,5,2,-0.3221392547765431,2.3596424907998106
151,38,1,2,1,0,3,1924,10,5,2,-0.7669956437267085,1.0523772414933823
152,24,1,2,1,0,2,5848,36,5,0,0.9977286049944563,-0.9569054966862633
153,29,0,2,2,3,1,7758,24,1,1,0.360844083467166,-1.8450828678747015
154,36,1,3,2,1,1,6967,24,0,0,1.3500033343327857,-1.1248476059488783
155,20,0,2,2,0,0,1282,12,4,1,-2.127331134413392,-2.2196555345562294
156,48,1,2,1,1,0,1288,9,6,2,-0.8069623545707947,0.9609118799158892
157,45,1,1,1,0,0,339,12,3,2,-1.2308009695524453,0.8542893394214788
158,38,1,2,1,1,1,3512,24,1,2,0.651474747276316,0.22067511508133736
159,34,1,1,1,4,3,1898,6,5,2,-1.2872445330492646,1.7982619464709353
160,36,1,2,1,1,3,2872,24,5,2,0.09586128211232006,0.6758029213459179
161,30,0,2,1,0,3,1055,18,1,1,-0.8559974721683224,-0.19547207419519674
162,36,1,2,1,2,3,1262,15,2,2,-0.281209504561675,1.2714297333671127
163,70,1,3,0,0,1,7308,10,1,0,2.3722602511043944,2.2737580340640333
164,36,1,2,1,2,3,909,36,1,2,0.692154880134298,0.7831064980087117
165,32,1,2,1,2,3,2978,6,4,2,-0.5922265265871944,1.109946191894607
166,33,0,2,1,0,0,1131,18,4,1,-1.07328219621517,-0.9304663556655868
167,20,0,2,1,3,1,1577,11,4,1,-1.298564377433263,-0.6534334597151121
168,25,0,2,2,0,3,3972,24,4,1,-0.9715104476234231,-1.697142406017763
169,31,1,2,1,0,1,1935,24,0,2,0.2529981613332113,-0.14080852126376667
170,33,1,2,2,0,0,950,15,1,2,-1.0317467431882732,-0.7908352932279595
171,26,0,2,1,0,3,763,12,4,1,-1.5374020843435197,-0.2617903613253039
172,34,0,3,1,0,1,2064,24,4,1,-0.057345441355556526,-1.0027031075304942
173,33,1,2,1,0,1,1414,8,5,2,-1.028994476299537,0.3413806179581536
174,26,1,2,1,0,0,3414,21,3,2,0.05656501858042982,-0.7760284637649869
175,53,0,3,1,4,3,7485,30,1,0,2.1610132110658338,0.5721756698137191
176,42,1,2,1,0,0,2577,12,4,2,-0.37316867777367496,0.31781185514229654
177,52,1,2,1,2,0,338,6,5,2,-0.9101367793458364,1.5085780636990438
178,31,1,3,2,0,3,1963,12,5,2,-0.846372355107009,-0.295766500701355
179,65,1,2,1,0,0,571,21,1,2,0.26559752338722364,1.4714001135854793
180,28,1,2,1,0,3,9572,36,0,0,2.299208419533227,-0.7589437965278625
181,30,1,3,1,0,1,4455,36,0,0,1.8371005430594518,-0.8935006645898976
182,40,1,1,1,4,0,1647,21,1,2,-0.16988215091606906,0.9616297368562466
183,50,1,2,1,3,3,3777,24,4,2,0.7264246988540232,1.6448771540383325
184,36,1,2,1,0,1,884,18,1,2,-0.2521361692663149,0.3431994905365228
185,31,1,2,1,0,3,1360,15,5,2,-0.7615093375800123,0.6204210915005584
186,74,0,3,0,0,1,5129,9,1,0,1.4062569860758545,1.9170887673668138
187,68,1,0,0,0,1,1175,16,1,2,-0.2658108766524708,3.064571559453012
188,20,1,2,1,1,0,674,12,5,2,-1.1257161621975165,-0.45157112519385867
189,33,0,2,1,0,1,3244,18,4,1,-0.6452989007252679,-0.8551823948190465
190,54,1,3,1,3,3,4591,24,0,0,1.8837645349770216,1.6686448974568706
191,34,1,1,0,1,1,3844,48,0,0,1.9123202740447893,0.3230135611174309
192,36,1,2,1,0,1,3915,27,0,0,0.8694788118836924,-0.15681427780846857
193,29,1,2,2,0,3,2108,6,5,2,-1.6607030771623068,-0.10106551038647625
194,21,1,2,2,1,1,3031,45,5,0,0.2420145396451468,-1.9670741018808306
195,34,0,3,1,0,1,1501,9,3,1,-0.7519075317710481,-0.5569987770792784
196,28,0,2,1,0,3,1382,6,5,1,-1.7473678956134338,-0.08623593654109006
197,27,0,2,2,1,1,951,12,4,1,-2.0227194900072374,-1.3976644524798
198,36,1,2,0,4,1,2760,24,1,2,1.2864383392061982,1.4761814025795983
199,40,1,3,1,0,1,4297,18,4,2,0.7581911391360326,0.018378213589788295
200,52,1,2,1,2,3,936,9,3,2,-0.4697193071711397,2.2338340695042387
201,27,1,1,1,0,0,1168,12,1,2,-1.1409993434273265,-0.10352609765390511
202,26,1,2,1,0,3,5117,27,0,0,0.9547594388315224,-0.21687559034707293
203,21,1,2,2,0,0,902,12,3,2,-1.5522165059238227,-1.3467747439581796
204,38,1,1,1,0,3,1495,12,1,2,-0.917880884981212,1.2486676707381021
205,38,1,3,0,0,0,10623,30,1,0,3.4689403247618182,-0.43475411006910725
206,43,1,2,1,0,3,1935,12,4,2,-0.49904322664620593,1.2546872310151245
207,26,1,2,1,0,1,1424,12,2,2,-0.6613705549480849,-0.07429176061792389
208,21,1,1,1,0,0,6568,24,0,0,0.5075731884713659,-1.201994930204842
209,55,1,2,1,3,3,1413,12,1,2,0.07005953556943006,2.461993388939578
210,33,1,2,1,4,3,3074,9,5,2,-0.38202436254205435,1.3933048478373269
211,45,0,1,1,4,3,3835,36,5,1,0.09419710176186954,0.6102664874785426
212,50,1,2,1,0,0,5293,27,0,0,1.3687254006920895,0.13373023634413508
213,66,1,3,1,0,2,1908,30,0,0,1.5935215332856014,1.5716817634613713
214,51,1,2,1,4,3,3342,36,5,2,1.1669046022399887,1.5798098993439114
215,39,0,1,1,4,1,932,6,3,1,-1.7429115629974798,0.8207249861191042
216,31,1,2,1,0,0,3104,18,0,2,0.22619002253428286,-0.3838976512646198
217,23,1,2,1,0,2,3913,36,5,2,0.5906916267026214,-0.8386678660682868
218,24,1,1,2,0,0,3021,24,4,2,-1.1715232611681468,-1.560536122374401
219,64,0,2,1,0,3,1364,10,1,1,-0.6331453170380993,1.6706818849158114
220,26,1,1,1,0,1,625,12,5,2,-1.6570207273800852,0.11171238561399979
221,23,0,2,2,4,0,1200,12,3,1,-1.7292938759696375,-1.374942446209714
222,30,1,2,1,0,3,707,12,5,2,-1.0438382654754048,0.7007315345333882
223,32,1,2,1,4,3,2978,24,0,2,0.7449750027285417,1.041098008876305
224,30,1,2,1,0,3,4657,15,1,2,0.284170984762957,0.3134647710395655
225,27,1,2,1,0,3,2613,36,6,2,0.2863979750177205,-0.2555949034217226
226,27,1,2,1,3,1,10961,48,5,0,2.8370866650252173,-1.3696985121235112
227,53,1,3,0,0,0,7865,12,4,0,2.0330993278519567,0.9848249269135354
228,22,1,2,1,0,3,1478,9,5,2,-1.1439269722974745,0.303388826175855
229,22,1,2,0,0,0,3149,24,4,2,0.5976286103883687,-0.27428193306995935
230,26,1,2,1,0,2,4210,36,5,0,0.6975715598553064,-0.7188081392306438
231,51,1,1,0,2,3,2507,9,1,2,0.10219621194606474,2.9979894902647413
232,35,1,2,1,1,3,2141,12,5,2,-0.6073833174554482,0.9861605904744626
233,25,1,1,1,0,1,866,18,5,2,-1.3515841783737894,-0.11654822010916224
234,42,1,1,1,0,3,1544,4,5,2,-1.5939435363106185,1.583261921073602
235,30,1,3,1,0,0,1823,24,5,2,0.28079156194577365,-0.7033218101330991
236,23,1,0,1,4,1,14555,6,1,0,0.9806353489739263,-0.28958342024615236
237,61,1,1,2,1,1,2767,21,0,2,-0.3429796998648265,0.8967035650269938
238,35,0,2,1,0,3,1291,12,5,1,-1.3863421730991743,0.11142821658521188
239,39,1,2,1,0,0,2522,30,5,2,0.2887726832239351,-0.31370834033861106
240,29,0,2,1,4,0,915,24,1,1,-0.3445103806493745,-0.5486972283087999
241,51,1,2,1,0,3,1595,6,5,2,-0.8125855241159163,1.8184368153304455
242,24,1,2,0,0,0,4605,48,1,0,2.299838262848203,-0.8808014242156871
243,27,0,2,1,0,3,1185,12,0,1,-1.0460164227096078,-0.2060466774283485
244,35,0,1,1,2,3,3447,12,3,1,-1.1612777686459959,0.4389039238687626
245,25,1,2,1,0,3,1258,24,0,2,0.01898415008612453,0.1622772445038447
246,52,1,2,1,0,3,717,12,5,2,-0.7051401299051189,1.7966042329092584
247,35,1,2,2,1,3,1204,6,1,2,-1.296815835197486,0.5038935215475505
248,26,1,2,1,0,2,1925,24,4,2,-0.21281794655100103,-0.18751625738876296
249,22,0,2,2,0,3,433,18,5,1,-2.103189619587294,-1.393827948950945
250,39,0,1,1,3,0,666,6,1,1,-1.6656713555938476,0.41961317389364033
251,46,0,1,1,0,2,2251,12,4,1,-1.4646582378882864,0.4653585363202998
252,24,0,2,1,0,1,2150,30,1,1,-0.1707255278047024,-1.4774898823595988
253,35,1,2,1,1,3,4151,24,4,2,0.44210335584868465,0.5025968657149069
254,24,1,2,1,4,1,2030,9,4,2,-0.625906172439883,0.49148090618940066
255,27,1,1,1,4,1,7418,60,5,0,2.1822396999243043,-1.020490378823484
256,35,1,1,1,0,3,2684,24,5,2,-0.5640226763064954,0.6114922021223782
257,29,1,2,0,0,0,2149,12,5,2,-0.137041468268376,0.4556211685736258
258,23,0,2,1,1,3,3812,15,1,1,-0.46465865460417616,-0.5752365681325469
259,57,0,1,1,1,3,1154,11,5,1,-1.5985765890125914,1.5766766300185326
260,27,1,2,1,0,0,1657,12,4,2,-0.7860276211120687,-0.3636392315890163
261,55,0,2,1,0,0,1603,24,5,1,-0.4631178306581567,-0.05969211484314063
262,36,1,3,0,0,0,5302,18,1,0,1.813903058070659,0.2580196480721308
263,57,0,1,0,0,3,2748,12,3,1,-0.48703177571045075,2.039024820512397
264,32,1,1,1,0,3,1231,10,1,2,-1.15102940596236,1.0121949830589634
265,37,1,2,1,0,1,802,15,5,2,-0.7726758360558379,0.4022535558414133
266,36,1,2,1,4,3,6304,36,0,0,2.0279988737650236,0.6155070237290459
267,38,0,2,1,0,3,1533,24,5,1,-0.7479958977502775,-0.07287651143377212
268,45,1,3,1,0,0,8978,14,1,0,1.9052943836159673,-0.3138872134235129
269,25,1,2,1,4,3,999,24,5,2,-0.24715614141342973,0.7926285696688036
270,32,1,2,1,4,3,2662,18,1,2,0.3147863966219094,1.199689198443029
271,37,0,2,2,2,3,1402,12,4,1,-1.7153630201263683,-0.22739342986013958
272,36,1,3,0,4,1,12169,48,1,0,4.835097532038993,-0.18947310973599868
273,28,1,2,1,0,1,3060,48,5,0,1.0412634921929484,-1.1032088317833388
274,34,1,1,1,0,0,11998,30,6,0,1.506354122083508,-1.3142639201255237
275,32,1,2,1,0,3,2697,9,5,2,-0.7408116020875969,0.6807706341832671
276,26,0,2,1,0,3,2404,18,5,1,-1.0240922780944237,-0.6039022133224167
277,49,1,1,1,4,0,1262,12,4,2,-0.8038023588862043,1.614754425854925
278,32,0,2,1,0,3,4611,6,4,1,-0.9277083727906564,-0.1894173437255817
279,29,1,3,2,1,3,1901,24,5,2,-0.27587411338211626,-0.5448742329504881
280,23,1,2,2,3,3,3368,15,1,2,-0.496036322634373,-0.19307185387090903
281,50,1,2,1,0,3,1574,12,4,2,-0.4626668663719674,1.6242173727852278
282,49,1,1,1,4,2,1445,18,5,2,-0.5997002510257476,1.983815738764191
283,63,1,2,1,4,3,1520,15,4,2,0.12966500812192328,2.888209103722436
284,37,1,2,1,1,1,3878,24,1,2,0.7162049170915511,0.11159561303166633
285,35,0,1,1,0,0,10722,47,1,0,1.9749698954870765,-2.2883955185536182
286,26,1,2,1,0,0,4788,48,1,0,1.7544979182606004,-1.585837089450056
287,31,1,3,0,1,1,7582,48,7,0,3.04156618577449,-0.6162101942863101
288,49,0,2,1,0,1,1092,12,5,1,-1.2035344918492434,0.26611453321792133
289,48,1,2,1,0,0,1024,24,5,2,-0.14823551112998448,0.4203585317748183
290,26,1,2,1,0,3,1076,12,0,2,-0.5429555029253411,0.526703021305615
291,28,1,3,2,0,1,9398,36,1,0,2.107348212761563,-2.272057902006397
292,44,0,3,0,0,0,6419,24,1,0,1.8974420167416597,-0.3867892975578369
293,56,1,2,0,0,2,4796,42,1,0,2.5504844045473054,1.4016855125764618
294,46,1,3,1,4,3,7629,48,0,0,3.5369411459340228,0.5222626871938475
295,26,0,2,1,0,1,9960,48,4,0,1.976804901533612,-2.6204068203535247
296,20,0,2,2,4,3,4675,12,1,1,-0.8813149205248528,-1.002803885672621
297,45,1,1,1,4,3,1287,10,1,2,-0.6704501118391241,2.336343003241706
298,43,1,2,1,0,3,2515,18,4,2,-0.10586830872740186,1.0292480928292442
299,32,1,2,1,3,1,2745,21,4,2,0.11849011992878541,0.3388716247492331
300,54,0,0,1,0,3,672,6,1,1,-2.19007098504079,1.6374315641701862
301,42,0,2,1,0,1,3804,36,5,1,0.3272002194218332,-0.95305212851705
302,37,1,1,1,4,2,1344,24,1,2,-0.14449735605844327,1.294736018051668
303,49,1,2,1,0,0,1038,10,1,2,-0.3748414270477251,0.8828758300528542
304,44,1,2,0,2,3,10127,48,1,0,3.8567431178480605,0.7667539940160534
305,33,1,2,1,3,3,1543,6,4,2,-0.7962547837062938,1.438037100600237
306,24,0,1,2,4,3,4811,30,1,1,-0.5221551430946179,-1.118197069961722
307,33,1,1,1,1,0,727,12,5,2,-1.4545376602159978,0.3292587670537723
308,24,0,2,1,0,1,1237,8,4,1,-1.638437001029843,-0.8862330501765499
309,22,1,1,2,0,1,276,9,1,2,-2.1489379592187405,-0.7169407633178511
310,40,1,0,0,4,1,5381,48,7,0,1.304073279062879,1.0244136503447359
311,25,1,2,1,1,3,5511,24,4,2,0.5693106646335542,-0.13676382124494396
312,26,0,2,1,0,2,3749,24,4,1,-0.3767263770263387,-1.152638977342796
313,25,1,1,1,0,1,685,12,1,2,-1.2690660225841768,0.09706729487286468
314,29,1,1,1,4,2,1494,4,1,2,-1.1387861182669077,1.3880653258527627
315,31,1,2,1,0,0,2746,36,4,2,0.5833839062078148,-0.8884144188767221
316,38,1,1,1,0,0,708,12,4,2,-1.3523485541777185,0.42320018666140674
317,48,0,1,1,4,1,4351,24,4,1,-0.18788931874899586,0.45727156144583697
318,32,1,2,1,0,3,701,12,3,2,-0.8169551469625487,0.8122242276526824
319,27,0,1,1,0,0,3643,15,4,1,-1.3246383837332547,-1.2612086886946858
320,28,1,3,1,0,1,4249,30,1,0,1.4027414142780574,-0.8634203553479575
321,32,1,2,1,0,0,1938,24,5,2,-0.20461095340454474,-0.4725716304828021
322,34,1,3,0,0,0,2910,24,1,0,1.5692152189221908,0.21685343709063748
323,28,1,2,1,3,0,2659,18,4,2,-0.0907151625160906,-0.05907251953128341
324,36,0,2,1,0,3,1028,18,1,1,-0.7630320106477172,0.07544030740641022
325,39,1,1,1,0,0,3398,8,1,2,-0.6786207254885873,0.36630868819989265
326,49,1,2,2,4,3,5801,12,4,2,0.040261313123830876,1.0753071133156196
327,34,0,2,1,3,3,1525,24,1,1,-0.21900965777538123,0.28884786426756404
328,31,1,2,1,0,2,4473,36,5,0,0.8316468663775161,-0.5123308696029325
329,28,1,2,1,0,1,1068,6,5,2,-1.259523211561467,0.1437865306587724
330,75,1,3,0,0,0,6615,24,1,0,2.9505106621956276,1.9214042617073794
331,30,0,2,1,1,3,1864,18,3,1,-0.809966374689215,-0.1629988178722319
332,24,0,3,1,1,1,7408,60,1,0,2.870158872030387,-2.7377083512434686
333,24,0,1,2,1,3,11590,48,1,0,1.4721587156883176,-2.730870073039199
334,23,1,2,2,0,0,4110,24,4,2,-0.4167777067855288,-1.8935825576079415
335,44,1,3,2,0,0,3384,6,4,2,-0.5143630823209387,-0.47340548974956237
336,23,0,1,1,0,1,2101,13,5,1,-1.8902765714653407,-1.006784109390898
337,24,0,2,2,4,0,1275,15,2,1,-1.4615557913054076,-1.4163995311455941
338,28,1,2,1,0,0,4169,24,4,2,0.28674193838868073,-0.8701406292631836
339,31,1,1,1,0,1,1521,10,4,2,-1.3865619059886274,0.3206825363295242
340,24,0,2,0,0,1,5743,24,3,1,0.7161552769120778,-0.9281901110949972
341,26,0,1,2,0,0,3599,21,4,1,-1.6919683719258047,-2.243969914045099
342,25,1,2,2,2,1,3213,18,5,2,-0.8056998144757045,-0.9527916022638729
343,33,1,3,1,0,1,4439,18,0,0,1.0734970981604495,-0.3143780293754272
344,37,1,1,1,0,2,3949,10,1,2,-0.5133121415244971,0.7149267273220676
345,43,0,1,1,0,3,1459,15,5,1,-1.6330070144494317,0.5569659720031305
346,23,1,2,1,0,1,882,13,5,2,-1.0568400441352286,-0.27109205305997935
347,23,0,0,2,2,1,3758,24,5,1,-2.0784604260008352,-1.7233070055249031
348,34,1,1,1,1,3,1743,6,0,2,-1.0291024988261286,1.336041023065171
349,32,1,2,0,3,1,1136,9,3,2,-0.03766428469876921,1.5800172125211522
350,23,0,2,2,0,3,1236,9,2,1,-2.0361403399996347,-1.1646402827020608
351,29,0,2,1,0,1,959,9,4,1,-1.57184395823622,-0.6438345770924362
352,38,1,3,1,4,3,3229,18,1,2,1.0684443121233944,1.2726583916250827
353,28,1,2,2,0,0,6199,12,5,2,-0.5524978345078034,-1.5511219330089865
354,46,1,2,0,2,3,727,10,3,2,0.06288289613160179,2.676603956575288
355,23,1,1,1,0,1,1246,24,1,2,-0.6414043279617933,-0.3699908935675214
356,49,1,2,1,4,3,2331,12,5,2,-0.147711022897633,2.1587131116491642
357,26,1,3,1,0,3,4463,36,5,0,1.2937468797822163,-0.6481722295991141
358,28,1,2,1,0,3,776,12,5,2,-1.0544971745831302,0.5674113193938956
359,23,0,2,2,0,0,2406,30,4,1,-1.030702003242212,-2.673970742862561
360,61,1,2,0,4,1,1239,18,3,2,0.9000941648797903,2.9618440571393823
361,37,1,3,1,4,2,3399,12,5,2,0.4340466935483932,1.021140818209806
362,36,0,2,1,0,2,2247,12,1,1,-0.7800279828704749,-0.17055935017699422
363,21,1,2,2,0,3,1766,6,4,2,-1.7485008811066882,-0.4881922859647239
364,25,1,0,1,0,0,2473,18,4,2,-1.4607774817916925,-0.39711469756395035
365,36,1,2,1,0,3,1542,12,0,2,-0.2921854532628135,0.9690493882966498
366,27,1,2,1,0,3,3850,18,1,2,0.21539516005377315,0.13433154778245368
367,22,0,2,2,0,0,3650,18,4,1,-1.3339674012190923,-2.5358597572247215
368,42,1,2,1,0,0,3446,36,4,0,0.8961869644834435,-0.413573676448398
369,40,0,2,2,0,1,3001,18,4,1,-1.1954343573320805,-1.2967304675108624
370,36,1,2,1,4,3,3079,36,1,0,1.2780913982997255,0.8820416080898643
371,33,1,2,1,0,3,6070,18,5,2,0.37278090671967423,0.16670057293137616
372,23,0,2,2,0,3,2146,10,4,1,-1.998000115663749,-1.3092931948306294
373,63,1,3,0,4,3,13756,60,1,0,6.1092329325568855,1.242951702647698
374,60,0,3,0,1,1,14782,60,7,0,4.959231966566642,-0.9431028392298109
375,37,0,2,2,0,0,7685,48,0,0,1.4599734233495962,-2.870097012241995
376,34,1,2,1,0,3,2320,18,5,2,-0.37637298880744985,0.566716956120379
377,36,1,2,0,4,3,846,7,5,2,-0.2587356410520626,2.549626224664414
378,57,1,3,0,0,1,14318,36,1,0,4.786742194110847,0.2612418059082806
379,52,0,1,1,1,3,362,6,1,1,-1.6700543779303976,1.5637496776676731
380,39,1,2,1,4,0,2212,20,4,2,0.14607515846900013,0.642535054823942
381,38,0,3,0,0,1,12976,18,1,0,2.8718237420656307,-0.8876816770316388
382,25,0,2,2,4,3,1283,22,1,1,-1.0413355366005281,-0.7070686542578052
383,26,1,2,1,0,2,1330,12,1,2,-0.5801302698220215,0.1922893774000609
384,26,1,1,1,1,3,4272,30,0,2,0.45004060849168936,0.07941083955385157
385,25,0,2,1,0,3,2238,18,5,1,-1.0685596793384704,-0.6598559387130326
386,21,0,2,2,4,3,1126,18,5,1,-1.7018908954653245,-0.8506977612431451
387,40,1,3,1,0,1,7374,18,4,0,1.393586043792396,-0.3065139279911903
388,27,1,2,1,2,1,2326,15,0,2,0.009225186241045237,0.15140136477844784
389,27,0,2,1,0,3,1449,9,0,1,-1.1214770967224532,-0.18289982875565033
390,30,1,3,1,0,3,1820,18,1,2,0.3912904355729761,0.3115205055204072
391,19,0,1,2,3,1,983,12,4,1,-2.538302092416215,-1.338576290453162
392,39,1,3,0,0,0,3249,36,1,0,2.2595962025339444,0.11555327623032607
393,31,0,2,1,0,0,1957,6,5,1,-1.5644742702334102,-0.8611705219781336
394,31,1,3,1,0,3,2406,9,4,2,-0.170564311505777,0.4911052641841156
395,32,1,2,2,1,1,11760,39,3,0,2.120731666357861,-2.089938940781517
396,55,0,3,0,0,0,2578,12,4,1,0.4542407007918078,0.7646640194362786
397,46,1,2,1,0,0,2348,36,4,2,0.7345640260106239,-0.11624289771041947
398,46,1,2,2,0,1,1223,12,1,2,-0.9073872791757903,0.14379759727703348
399,43,0,1,1,3,3,1516,24,5,1,-1.0105185399256962,0.8251243369125838
400,39,1,2,1,0,3,1473,18,5,2,-0.4717735526866637,0.8916106656337462
401,28,1,2,1,4,1,1887,18,0,2,0.2057354172883471,0.5059425803420017
402,27,1,2,1,0,3,8648,24,0,0,1.5629913103343493,-0.46000051349371074
403,27,1,1,1,0,3,802,14,1,2,-1.1282047349842472,0.6726250202630214
404,43,1,2,1,4,1,2899,18,1,2,0.5442982099239358,1.1468598846814442
405,22,1,2,1,0,1,2039,24,5,2,-0.3368416165146926,-0.7216819698075225
406,43,1,2,1,4,3,2197,24,1,2,0.664577067321823,1.6141585778891203
407,27,1,2,1,0,0,1053,15,5,2,-0.8641856740913114,-0.42737254561645055
408,26,1,3,1,2,3,3235,24,5,2,0.6382401258322333,0.10537733444521599
409,28,1,2,1,2,2,939,12,1,2,-0.49352370556161934,0.6663952858796728
410,20,0,2,1,0,1,1967,24,5,1,-0.9203654346143286,-1.5979195616725221
411,35,1,3,1,0,3,7253,33,1,0,2.2537510098379774,-0.3333955832718552
412,42,1,3,1,0,3,2292,12,0,2,0.4972973721442516,1.0317708482576073
413,40,1,1,2,2,3,1597,10,1,2,-1.4283395889725223,0.9123030055523527
414,35,0,2,1,4,0,1381,24,1,1,-0.1505546289294476,-0.3260819329886721
415,35,1,2,1,0,3,5842,36,1,0,1.5586976832810497,-0.12040758384741301
416,33,1,1,1,0,0,2579,12,1,2,-0.7526147443825556,0.022598284111876126
417,23,0,2,2,4,0,8471,18,3,1,0.032595632289799586,-2.2469699657549054
418,31,0,3,1,2,3,2782,21,1,1,0.3355586189651684,-0.24984745587966994
419,33,0,2,1,4,1,1042,18,1,1,-0.524811048597303,0.035145345540417455
420,20,0,2,2,3,3,3186,15,1,1,-1.1115032935406908,-1.1356128174247995
421,30,1,2,1,4,1,2028,12,1,2,-0.1019069895770263,0.7272113504824135
422,47,1,1,1,0,1,958,12,1,2,-0.8731269590453045,1.1516253115013804
423,34,1,3,1,1,3,1591,21,4,2,0.3196166614088108,0.5769589663750836
424,25,0,2,1,4,1,2762,12,4,1,-0.8572078329380656,-0.41875305203960894
425,21,1,2,2,0,1,2779,18,1,2,-0.699378412943768,-1.4119365755108217
426,29,1,2,1,0,3,2743,28,5,2,0.08738861464559658,0.011820940626732161
427,46,1,2,1,3,3,1149,18,5,2,-0.2278253623672752,1.7808397013844406
428,20,1,2,1,0,3,1313,9,4,2,-1.1028208356736615,0.1942188609947804
429,55,0,0,0,0,0,1190,18,6,1,-1.3789429527940034,1.1801477221775662
430,74,1,1,1,0,3,3448,5,0,2,-0.180237773162918,3.017414598067025
431,29,1,3,1,0,1,11328,24,7,0,2.0145908067525617,-1.4335116958558112
432,36,1,3,0,0,0,1872,6,4,2,0.289492477627444,0.8072795326431089
433,33,1,2,1,0,3,2058,24,6,2,-0.2683817059919688,0.3620530595529298
434,25,1,2,1,0,0,2136,9,4,2,-0.8469715453297855,-0.4662530519071874
435,25,1,2,1,4,1,1484,12,5,2,-0.6755356195419402,0.4657080534185092
436,23,1,1,2,2,3,660,6,6,2,-2.542215441622447,0.17220430105031256
437,37,0,2,1,3,3,1287,24,1,1,-0.21709013328177912,0.4397126836114534
438,65,1,0,1,0,0,3394,42,6,2,0.23090275228941895,0.8629360252111713
439,26,0,0,1,0,2,609,12,0,1,-2.25259054398574,-0.20172311944820834
440,39,1,3,1,0,3,1884,12,1,2,0.272773146720125,0.8994135007803306
441,30,0,2,1,0,0,1620,12,4,1,-1.2786475606030219,-1.027390326758269
442,29,1,2,1,0,1,2629,20,7,2,-0.4823506326757542,-0.3612816110107934
443,41,1,1,1,0,3,719,12,3,2,-1.2136830723843504,1.394873240203425
444,30,0,3,1,0,1,5096,48,4,0,1.5954222208427908,-2.1525023338744207
445,41,0,1,2,4,3,1244,9,3,1,-2.1262064620056456,0.5456071643432016
446,34,0,2,1,0,0,1842,36,1,1,0.2021225029175097,-1.4167199534764432
447,35,1,2,1,0,1,2576,7,5,2,-0.7950631763005278,0.3044497505966102
448,55,0,3,1,4,2,1424,12,4,1,-0.13212886026292267,1.3230894775648567
449,61,1,2,1,3,1,1512,15,6,2,-0.14861627507173275,2.0002181310472307
450,30,1,3,1,4,3,11054,36,1,0,3.359075751864706,-0.33867752255547356
451,29,0,2,1,0,3,518,6,5,1,-1.8974345774363712,-0.005420913223725106
452,34,1,2,1,0,3,2759,12,4,2,-0.4578733565150363,0.6786126763044471
453,35,1,3,1,0,3,2670,24,1,2,0.9145661550699056,0.3168595449944586
454,31,1,2,1,0,0,4817,24,1,0,0.7598375916809209,-0.7588823507586864
455,29,0,3,1,0,3,2679,24,1,1,0.2864054383473903,-0.766645815143791
456,36,1,2,2,0,0,3905,11,1,2,-0.5519571431379787,-0.871304205347764
457,35,1,2,0,0,0,3386,12,1,2,0.6022479997470108,0.660290172107531
458,27,0,2,1,0,0,343,6,2,1,-1.6615623623462894,-0.8786949164237661
459,32,1,2,1,0,3,4594,18,5,2,0.06031204448528956,0.23746483395676304
460,37,1,2,1,0,0,3620,36,4,0,0.8592971421780443,-0.6982816554105497
461,36,1,2,1,0,0,1721,15,1,2,-0.20135606163317166,0.009441624208385095
462,34,0,3,2,0,1,3017,12,4,1,-1.0077327401173022,-1.6221074786748646
463,38,1,2,1,4,1,754,12,3,2,-0.4313488250236039,1.2090781105738149
464,34,1,2,1,0,3,1950,18,0,2,0.035703924893231015,0.6581920948497403
465,63,1,2,1,0,0,2924,24,1,2,0.8625250533756164,1.0183229720532212
466,29,0,1,2,0,0,1659,24,5,1,-1.997702941891559,-2.02814772589903
467,32,1,2,1,4,3,7238,48,5,0,2.2241886424600414,-0.09198207416193117
468,26,0,2,1,0,3,2764,33,0,1,0.21875507565050395,-0.9838869636193784
469,35,1,1,1,0,3,4679,24,1,2,0.2388377719234332,0.4422562864706879
470,22,1,2,2,1,1,3092,24,5,2,-0.667052431199226,-1.4411554084826257
471,23,0,2,1,0,0,448,6,3,1,-1.7973804771908926,-1.1061811771824854
472,28,1,1,1,0,0,654,9,1,2,-1.3545207510444366,0.0179332766800405
473,36,1,3,1,4,3,1238,6,3,2,-0.09839638278949245,1.6115734571002465
474,33,1,2,1,0,1,1245,18,5,2,-0.5989838952558696,0.042908747131485216
475,26,0,2,2,0,0,3114,18,4,1,-1.3776386861432341,-2.3066454246430035
476,24,1,2,1,2,3,2569,39,1,0,0.996323110883543,-0.11092095099118032
477,25,1,2,1,0,2,5152,24,5,2,0.34289412870891245,-0.5994000199357173
478,39,1,1,1,1,1,1037,12,0,2,-0.812575572501482,0.9187453401969561
479,44,1,2,1,0,0,1478,15,4,2,-0.41835374459801733,0.3847137461624382
480,23,0,1,1,0,1,3573,12,5,1,-1.6291784268442293,-1.1473182693619188
481,26,1,2,1,0,1,1201,24,1,2,-0.056430234883177964,-0.39860405457891723
482,57,0,2,2,3,0,3622,30,4,1,-0.05674567690027135,-0.5958500563677489
483,30,0,2,1,3,3,960,15,4,1,-1.0853689364436245,0.2959295448052464
484,44,1,2,1,2,3,1163,12,1,2,-0.20439406473794447,1.709344790236941
485,47,1,3,1,0,1,1209,6,1,2,-0.004225829156012737,0.9522948812713203
486,52,1,2,1,0,3,3077,12,5,2,-0.21372935363675566,1.5285916360630718
487,62,0,2,0,0,3,3757,24,1,0,1.0830441654396001,1.7161478820002096
488,35,1,1,2,1,3,1418,10,1,2,-1.60528537710516,0.4927266905024146
489,26,1,2,2,0,3,3518,6,1,2,-1.0193623460574337,-0.38207411972982896
490,26,1,2,1,0,3,1934,12,5,2,-0.8432797427829261,0.33296716286826766
491,42,0,3,0,0,1,8318,27,0,0,2.4910196313530473,-0.4879155722663502
492,27,0,2,1,1,3,1237,6,5,1,-1.7122431837485856,-0.009657996419096357
493,38,1,2,1,4,1,368,6,5,2,-0.9732888110875826,1.3627320668566743
494,39,1,1,2,0,0,2122,12,1,2,-1.3659794203942668,-0.4289493231971334
495,20,1,2,1,4,0,2996,24,4,2,0.20162099479112752,-0.5068030469266066
496,29,1,3,2,1,1,9034,36,4,0,1.8341949106031532,-2.1014506805087954
497,40,1,2,1,0,3,1585,24,4,2,-0.06179926544557507,0.7738828060218336
498,32,1,1,1,0,1,1301,18,5,2,-1.1448224394686026,0.14115555176926115
499,28,1,2,1,1,2,1323,6,1,2,-0.7497548042432107,0.5946153649494622
500,27,0,2,1,0,0,3123,24,1,1,-0.18317978438921395,-1.5915264460749678
501,42,1,2,0,0,0,5493,36,1,0,2.224530134554665,0.1926187369318404
502,49,1,2,1,1,2,1126,9,5,2,-0.720934659069575,1.5280608836091933
503,38,1,2,1,1,1,1216,24,5,2,-0.18902553155872284,0.30842988597735443
504,24,0,2,2,0,0,1207,24,1,1,-1.2344878198838114,-2.3426214655066175
505,27,1,1,1,4,3,1309,10,1,2,-0.9317304582673444,1.392164035046241
506,36,1,2,1,2,2,2360,15,1,2,0.05789353414434447,0.8383680577088832
507,34,1,3,1,1,1,6850,15,1,0,1.4224314398159483,-0.2892032528805055
508,28,1,2,1,0,3,1413,24,5,2,-0.3762328906745354,0.17215715243643848
509,45,1,3,1,1,3,8588,39,1,0,3.0210444674524766,0.041268502912764175
510,26,1,2,1,0,0,759,12,1,2,-0.6834860951289283,-0.3343130788894335
511,32,1,3,0,0,3,4686,36,1,0,2.4393637758566884,0.4398300465260031
512,26,1,2,2,0,2,2687,15,0,2,-0.680734471916426,-0.8011654251968414
513,20,1,2,2,0,1,585,12,5,2,-1.816268575743077,-1.180211244163679
514,54,1,2,1,4,3,2255,24,1,2,0.8488160558566595,2.138270761755018
515,37,0,2,1,0,0,609,6,1,1,-1.3555824634046922,-0.39926675345790275
516,40,1,1,1,0,0,1361,6,1,2,-1.160916981120478,0.620498624903282
517,23,0,2,2,0,3,7127,36,4,1,0.19812425826172295,-2.467276949910709
518,43,1,2,1,1,0,1203,6,1,2,-0.5369013304081818,0.7980696810085924
519,36,1,2,0,4,3,700,6,5,2,-0.32763183759418274,2.560899497774786
520,44,1,2,0,0,3,5507,24,6,2,1.2214250346641753,1.3523606164634818
521,24,0,2,1,0,0,3190,18,5,1,-0.8724156862961853,-1.6583611179981868
522,53,1,2,0,0,0,7119,48,4,0,2.976517214710248,0.23643857182302658
523,23,0,2,1,1,3,3488,24,1,1,-0.11295039303141706,-0.8266152667821847
524,26,0,1,1,0,1,1113,18,5,1,-1.8121305306013897,-0.9286303966851255
525,30,1,2,1,0,1,7966,26,1,0,1.4761794099243353,-0.8910779151603683
526,31,0,2,1,1,3,1532,15,3,1,-0.9896106603190538,-0.04363694166195635
527,42,1,1,1,0,3,1503,4,5,2,-1.5898409902008566,1.5295231517786114
528,31,1,2,2,0,0,2302,36,5,2,-0.20988107567641967,-1.6829508719670738
529,41,1,1,1,0,0,662,6,1,2,-1.2876334529160303,0.733426653945873
530,32,1,2,1,0,1,2273,36,3,2,0.6042614167927733,-0.5439603420896616
531,28,0,2,2,1,1,2631,15,1,1,-1.2249397531024255,-1.602500259204746
532,41,1,2,2,0,3,1503,12,1,2,-0.928546286594138,0.39599821099693105
533,26,1,2,1,1,3,1311,24,5,2,-0.3591234686809163,0.2478943168019035
534,25,1,2,1,4,3,3105,24,5,2,0.1935275269520617,0.5434730107027466
535,33,1,2,2,0,2,2319,21,3,2,-0.6672630672055433,-0.6183311497949955
536,75,0,3,1,4,0,1374,6,1,1,0.19347974707387772,1.954349979043305
537,37,0,2,1,0,1,3612,18,4,1,-0.4944369755843469,-0.757726392310977
538,42,1,3,0,0,0,7763,48,1,0,3.7739772937474614,-0.4915213933902382
539,45,0,1,1,0,2,3049,18,4,1,-1.0339528948058467,0.13093465500193183
540,23,1,2,2,0,1,1534,12,5,2,-1.5758507418475185,-1.1241175299877655
541,60,1,2,0,0,3,2032,24,1,2,1.2416450600459334,2.5486800175521735
542,31,1,2,1,4,0,6350,30,4,0,1.326318064451317,-0.43223154006586617
543,34,1,1,1,0,2,2864,18,4,2,-0.7007801643222393,0.37855318805122223
544,61,1,1,1,0,3,1255,12,1,2,-0.6014606170450411,2.355909790014563
545,43,1,2,0,0,0,1333,24,1,2,0.8514360257292625,0.9295071392043707
546,37,0,2,1,0,3,2022,24,1,1,-0.26465703961879206,-0.16421764668018443
547,32,1,2,1,0,3,1552,24,5,2,-0.2852068988746177,0.3517629156247385
548,24,0,1,1,0,0,626,12,5,1,-2.2080869753008288,-1.1123680282254738
549,35,1,2,0,4,3,8858,48,1,0,3.605821737219065,0.7292275977074553
550,23,0,2,1,4,3,996,12,6,1,-1.4436271652895483,0.14703771663728257
551,45,1,1,1,2,3,1750,6,5,2,-1.2676419932287566,1.9433586511391394
552,34,1,2,1,0,0,6999,48,5,0,1.9516624843309467,-1.5037747127067216
553,27,1,2,1,1,1,1995,12,1,2,-0.3508592401798509,0.040423916248831133
554,67,0,3,1,0,1,1199,9,3,1,-0.2947580082819857,1.0530048073029386
555,22,1,2,1,0,1,1331,12,5,2,-1.0168226000742144,-0.37873466160021774
556,28,0,2,1,1,1,2278,18,1,1,-0.545314831900915,-0.8715177848131826
557,29,0,2,1,4,3,5003,21,1,1,0.3555102263484557,-0.08438509354059537
558,27,1,2,1,0,0,3552,24,4,2,0.15503715450076336,-0.9057011377716442
559,31,1,1,1,0,1,1928,18,4,2,-0.9328838760565132,0.035252576352771146
560,49,1,2,0,4,0,2964,24,1,2,1.5455972947070076,1.7593166939046025
561,24,1,1,2,0,0,1546,24,5,2,-1.5544411449065478,-1.504733082527682
562,29,0,2,1,0,2,683,6,5,1,-1.8552354394567234,-0.32021441247689597
563,37,1,2,0,4,1,12389,36,1,0,3.822567342504245,0.24726583398117807
564,37,1,3,1,4,1,4712,24,0,0,1.740012480239112,0.34881277751208944
565,23,0,2,2,1,1,1553,24,5,1,-1.5000997983156323,-2.04758677774216
566,36,1,2,1,0,0,1372,12,1,2,-0.4035509730948334,0.09801041901202127
567,34,1,2,1,3,3,2578,24,5,2,0.15742634299048108,0.8656863207911996
568,41,1,2,1,4,1,3979,48,5,0,1.7089518649043476,0.08869460607556887
569,31,0,2,1,0,0,6758,48,5,0,1.3189337817388078,-2.416624422246313
570,23,0,1,2,0,0,3234,24,4,1,-1.6669202034417352,-2.4815618662204613
571,38,1,2,1,0,3,5954,30,5,0,0.9759170534252428,0.08243438255621147
572,26,0,3,2,4,3,5433,24,1,1,0.4615396243806036,-1.291997797255262
573,22,0,1,1,0,0,806,15,0,1,-1.5815575182072137,-1.2366632686511734
574,27,1,1,1,0,1,1082,9,5,2,-1.669025480204974,0.1259945768637666
575,24,0,2,1,0,3,2788,15,4,1,-1.0023345703770592,-0.7073603031889468
576,27,0,2,1,0,1,2930,12,5,1,-1.1521559196223237,-1.0640054438996835
577,33,0,2,1,4,3,1927,24,3,1,-0.2678192056320113,0.2936190797850906
578,27,1,2,1,0,1,2820,36,1,0,0.8350652794522803,-0.8252709876880144
579,27,1,1,1,0,3,937,24,3,2,-0.8350361498900951,0.3406104595180645
580,30,1,2,1,0,1,1056,18,1,2,-0.2917597829339024,-0.05112776689549787
581,49,1,1,1,0,1,3124,12,1,2,-0.3942053394765557,1.0178228767807471
582,26,0,2,2,0,3,1388,9,4,1,-2.1430215958930705,-1.103902565788265
583,33,1,1,2,0,1,2384,36,6,2,-0.803920639675128,-1.1803086982721038
584,52,0,3,0,4,3,2133,12,1,1,0.8739211412638224,2.181236841746903
585,20,0,2,2,0,0,2039,18,4,1,-1.6836895712717612,-2.528076818444088
586,36,1,2,2,0,0,2799,9,1,2,-0.8622738853824373,-0.7423209622517031
587,21,1,1,1,0,0,1289,12,4,2,-1.4817131995293302,-0.5356011239292182
588,47,1,1,1,0,0,1217,18,2,2,-0.6351771221892392,0.6493153063435616
589,60,1,2,1,0,0,2246,12,4,2,-0.14847972383435779,1.1688785919647495
590,58,0,1,1,0,0,385,12,5,1,-1.7367265344899048,0.604288091011182
591,42,0,2,2,4,1,1965,24,1,1,-0.5360273341087648,-0.5668914891055753
592,36,0,1,1,3,3,1572,21,0,1,-0.749408495120711,0.5821577191534321
593,20,0,1,2,0,1,2718,24,1,1,-1.5304913324183012,-2.265975310259654
594,40,1,3,1,4,0,1358,24,7,2,0.42972574298655886,0.42565693988334685
595,32,0,1,1,1,1,931,6,1,1,-1.84230509523281,-0.08841021226960939
596,23,0,2,2,0,0,1442,24,1,1,-1.1979146264813167,-2.4327606991961304
597,36,1,1,1,0,1,4241,24,0,2,0.2746547363060735,-0.032091193767651086
598,31,1,2,1,0,3,2775,18,1,2,0.06709628313330177,0.3896196964499465
599,32,1,2,0,0,3,3863,24,0,2,1.2870311655532927,0.9788236549897958
600,45,0,2,1,0,1,2329,7,5,1,-1.224898930149534,0.016337918445525162
601,30,0,2,1,0,1,918,9,4,1,-1.5543140806886182,-0.6390543849786755
602,34,0,1,0,0,1,1837,24,3,1,-0.4595905741299474,0.04481992278674705
603,28,0,3,1,0,3,3349,36,4,1,0.6657910149829026,-1.2591499040836727
604,23,0,2,1,0,2,1275,10,4,1,-1.546856181465656,-0.7715107612344393
605,22,1,2,1,2,0,2828,24,4,2,0.06784440701555908,-0.7550443596815049
606,74,1,3,1,0,3,4526,24,0,0,1.9912617367210812,2.08063889741077
607,50,0,2,0,1,1,2671,36,5,1,0.9136422298727112,0.44404546241901
608,33,1,2,1,0,3,2051,18,5,2,-0.4366103655943397,0.49623213551845274
609,45,1,2,0,4,3,1300,15,1,2,0.7293640346050416,2.767377534213799
610,22,0,2,1,1,0,741,12,2,1,-1.3118701543039233,-1.177995923520432
611,48,0,1,0,1,2,1240,10,1,1,-0.7426487396762352,1.6355255573624936
612,29,0,2,1,3,0,3357,21,5,1,-0.4206432178613246,-1.0043371456214683
613,22,0,2,2,0,0,3632,24,1,1,-0.7659080925566505,-2.6911134505505085
614,22,0,2,1,0,3,1808,18,4,1,-1.0955096965157847,-0.7999947875593791
615,48,1,3,1,4,1,12204,48,0,0,4.521615918958581,-0.4238918921621744
616,27,1,3,0,4,1,9157,60,5,0,4.2532564092736544,-0.7913087390252173
617,37,1,2,2,0,0,3676,6,1,2,-0.8023793173252045,-0.7038721742197787
618,21,0,2,2,1,1,3441,30,4,1,-0.7756404811913692,-2.473076631792742
619,49,1,1,1,0,3,640,12,1,2,-0.906744176855986,1.7978928628679847
620,27,1,2,1,0,1,3652,21,0,2,0.42575103361954114,-0.5138460404571455
621,32,1,2,1,0,3,1530,18,1,2,-0.17052393733215399,0.5516780380029108
622,38,1,2,1,4,3,3914,48,0,0,2.128334142763855,0.5631820584033513
623,22,0,2,2,0,0,1858,12,4,1,-1.9594666398304281,-2.2653834777185993
624,65,1,2,0,0,0,2600,18,5,2,0.7907535923358904,1.9907102778122812
625,35,1,2,1,4,3,1979,15,5,2,-0.28612997149369357,1.361282153044137
626,41,1,2,1,0,2,2116,6,4,2,-0.7419514430934009,0.930621853557832
627,29,1,2,1,1,1,1437,9,1,2,-0.5664751064695172,0.2547814039390616
628,36,1,2,1,2,3,4042,42,4,0,1.3314416010773302,0.20116964178522562
629,64,1,1,1,4,3,3832,9,3,2,-0.08621273806030222,2.980113215603939
630,28,0,2,1,0,0,3660,24,5,1,-0.4399214790284196,-1.6765696848636877
631,44,1,2,1,0,0,1553,18,4,2,-0.26109607275901897,0.2712847431020875
632,23,1,2,1,4,1,1444,15,5,2,-0.5703249332133972,0.25405962253648096
633,19,0,2,2,0,3,1980,9,4,1,-2.1269379213825492,-1.5198094439062437
634,25,0,1,1,0,1,1355,24,1,1,-1.1153429198894824,-1.1167315157249582
635,47,1,2,1,0,3,1393,12,3,2,-0.4335291929380819,1.4362138292547177
636,28,0,2,1,2,3,1376,24,5,1,-0.7821632035015804,-0.2889009977616652
637,21,1,2,1,0,3,15653,60,5,0,4.051988616205567,-2.454775693862119
638,34,0,2,1,0,3,1493,12,5,1,-1.3433972301837167,-0.03614599251071574
639,26,1,2,1,0,0,4370,42,5,0,1.0262609004655083,-1.5223162120672813
640,27,0,0,1,0,0,750,18,3,1,-2.211632081870499,-0.9569965172845197
641,38,1,1,1,0,1,1308,15,6,2,-1.27803048627156,0.4745296042953282
642,40,1,3,1,1,3,4623,15,3,2,0.864447577533232,0.7185143280105907
643,33,1,2,1,0,3,1851,24,5,2,-0.20490143133983812,0.3549870684493194
644,32,1,3,1,0,0,1880,18,5,2,0.06932262124341979,-0.5358036938142887
645,27,1,2,2,4,3,7980,36,0,0,1.6335100549185526,-0.8458364712750134
646,32,1,2,1,0,0,4583,30,4,0,0.7162820169866039,-0.9222128942403025
647,26,0,2,1,2,3,1386,12,1,1,-0.9651478035641984,-0.02665565713145453
648,38,1,2,0,0,2,947,24,1,2,0.693161449869549,1.2501244665663616
649,40,1,1,2,0,0,684,12,3,2,-1.8308484487281487,-0.30442526615826837
650,50,1,3,0,0,0,7476,48,3,0,3.6487615636772692,-0.11577456722975145
651,37,1,1,1,0,1,1922,12,4,2,-1.1096565654466135,0.47123519979412487
652,45,1,2,1,0,0,2303,24,1,2,0.46924416399112534,0.13844331174540542
653,42,1,3,1,1,1,8086,36,1,0,2.7512118481549788,-0.5687976813737158
654,35,1,2,1,0,3,2346,24,1,2,0.3140306103461444,0.4659553517237548
655,22,1,2,0,0,0,3973,14,1,2,0.6223603075500993,-0.13547854546893803
656,41,1,1,1,0,1,888,12,1,2,-0.9689847203611669,0.8117783190217863
657,37,1,2,1,4,3,10222,48,5,0,2.9169874064056787,-0.1582176689579412
658,28,0,2,1,0,1,4221,30,0,1,0.4265994306265616,-1.5359714444211223
659,41,1,2,1,0,1,6361,18,4,2,0.6708399857531957,-0.05682312216119817
660,23,1,2,2,0,2,1297,12,5,2,-1.622905315634138,-0.847978549305201
661,23,1,2,1,4,0,900,12,1,2,-0.42465695609850834,0.1575842936148049
662,50,1,2,1,0,3,2241,21,4,2,0.09603965610566484,1.2573052426610483
663,35,1,3,1,0,1,1050,6,4,2,-0.502416294924718,0.2868795790203141
664,50,0,1,1,0,2,1047,6,3,1,-1.805806301352495,0.8650636481515492
665,27,1,3,1,0,3,6314,24,7,0,0.9640104805534274,-0.55533454064597
666,34,1,2,1,3,1,3496,30,4,2,0.7242412955040493,0.06698832414835952
667,27,0,2,1,0,3,3609,48,0,0,1.0922709547338092,-1.4347072502672626
668,43,1,2,2,0,0,4843,12,1,2,-0.19972159808983286,-0.6757710386936187
669,47,1,2,1,0,2,3017,30,5,2,0.5223738164916419,0.5111080990939896
670,27,1,1,1,1,3,4139,24,0,2,0.17934282346223335,0.23881005061476362
671,31,1,2,1,1,3,5742,36,0,0,1.6522829960984695,-0.17556006594282414
672,42,1,3,1,0,3,10366,60,1,0,4.2258858846019525,-1.0143928879521265
673,24,1,2,1,2,3,2080,6,1,2,-0.5855052768911716,0.7380892761090424
674,41,1,1,1,2,3,2580,21,0,2,0.007078103995746323,1.3326722828898883
675,26,0,3,2,0,3,4530,30,5,1,-0.10364738227729275,-2.125103741089276
676,33,1,2,1,0,3,5150,24,4,2,0.56592174134021,0.054606459125457606
677,24,1,2,1,1,1,5595,72,5,0,2.6656640015295627,-2.0611936105246578
678,64,1,1,2,0,0,2384,24,5,2,-0.7683454561155608,0.3966269113087635
679,26,0,2,1,0,3,1453,18,5,1,-1.200859485642047,-0.5940974787071855
680,56,0,2,1,0,3,1538,6,3,1,-1.0742864508441212,1.2356549424858696
681,37,1,2,0,4,3,2279,12,5,2,0.28747226648913377,2.2782867509644817
682,33,1,2,1,0,3,1478,15,5,2,-0.6857972986142227,0.6118547415510902
683,47,1,2,0,0,3,5103,24,5,2,1.2885068934262933,1.5231737035998827
684,31,1,1,1,1,1,9857,36,0,0,1.9565295893538024,-0.9600099814956665
685,34,1,2,0,4,3,6527,60,1,0,3.6630607590112167,0.5644042655255165
686,27,1,2,1,4,2,1347,10,5,2,-0.7564491170182868,0.8579134135316762
687,30,1,2,0,1,1,2862,36,1,0,1.5764285071944653,0.25023340047736997
688,35,1,2,1,1,3,2753,9,5,2,-0.5987014924085025,0.9158250086797035
689,31,1,2,1,3,0,3651,12,1,2,0.19215522576376723,0.1239515597427152
690,25,1,2,1,0,0,975,15,4,2,-0.8018099764415667,-0.5609938890555201
691,25,0,1,1,1,1,2631,15,6,1,-1.6756633512814723,-0.9206156956434852
692,29,1,2,1,1,1,2896,24,5,2,0.02425781803218257,-0.33654948528132345
693,44,1,1,1,4,0,4716,6,1,2,-0.1388551885005393,1.1570019359066197
694,28,1,2,1,0,3,2284,24,5,2,-0.19072519045581346,0.05409820551806931
695,50,1,2,2,2,3,1236,6,1,2,-0.9750351745563876,1.3351478145352942
696,29,1,2,1,0,1,1103,12,5,2,-0.9505203808322906,-0.034620070738482174
697,38,0,0,1,0,3,926,12,1,1,-2.0944950539770337,0.5814574608779024
698,24,1,2,1,0,3,1800,18,5,2,-0.6212676628897251,0.05141198548266269
699,40,1,3,2,0,2,1905,15,3,2,-0.3658865597048768,-0.2665190993059846
700,29,0,1,2,2,3,1123,12,4,1,-2.4190756705361434,-0.5278660342836957
701,46,1,2,0,0,0,6331,48,1,0,3.006930047280066,-0.03099324420467253
702,47,0,2,0,1,2,1377,24,5,1,0.062233482919722215,0.979971856259664
703,41,1,2,1,1,1,2503,30,0,2,0.8824455235960779,0.2199567298883745
704,32,0,2,1,0,1,2528,27,0,1,0.008879341391329622,-1.1097585587353964
705,35,0,2,0,2,3,5324,15,1,1,0.7281197668488337,0.7469088478822355
706,24,1,2,1,1,1,6560,48,1,0,2.1666812706261136,-1.4855494470333068
707,25,0,2,2,0,1,2969,12,4,1,-1.68742714174876,-1.9581099560697488
708,25,0,2,1,0,1,1206,9,5,1,-1.6640767046210065,-0.9522066631194679
709,37,1,1,1,0,1,2118,9,5,2,-1.2994807250221043,0.5032094191868335
710,32,1,3,1,2,3,629,18,5,2,-0.05973896285216785,0.7434053604359161
711,35,0,2,0,0,0,1198,6,3,1,-0.8361343218164832,0.15670633771794018
712,46,1,3,1,4,3,2476,21,1,2,1.1877706034593756,1.5963962643199692
713,25,1,1,1,0,0,1138,9,5,2,-1.6783730068875256,-0.2842392737742968
714,27,1,3,1,0,1,14027,60,1,0,4.752972742307049,-2.6713677791531842
715,63,1,2,1,4,3,7596,30,1,0,2.3546989276237196,1.8964961921942645
716,40,1,2,1,4,3,3077,30,5,2,0.6954039558578816,1.1082854213672835
717,32,1,3,0,0,3,1505,18,5,2,0.5994998932305218,1.0969692685898649
718,31,1,2,1,4,2,3148,24,5,2,0.3054936329482496,0.5261674473971393
719,31,1,2,1,1,1,6148,20,1,0,0.9253543664543875,-0.38467291795130626
720,34,1,3,1,0,2,1337,9,5,2,-0.421818767097056,0.3849221095008603
721,24,0,2,2,3,1,433,6,3,1,-2.1913525163304866,-1.091966933133698
722,24,0,1,1,0,0,1228,12,1,1,-1.6909172501116467,-1.1435816480525183
723,66,0,1,1,2,1,790,9,5,1,-1.5310617170817324,1.6373757620576068
724,21,0,2,2,0,3,2570,27,1,1,-0.8689876659023409,-1.9075312038914995
725,41,0,1,1,3,3,250,6,1,1,-1.7112807760211626,1.2979643224015447
726,47,1,1,1,2,3,1316,15,5,2,-0.9116781412499687,1.8200978253084197
727,25,0,2,2,0,0,1882,18,5,1,-1.7301358784713599,-2.3057700815165156
728,59,0,2,2,0,1,6416,48,0,0,1.548043359765047,-1.4416429788260712
729,36,1,2,1,3,2,1275,24,0,2,0.4167596457460279,0.85252938663366
730,33,1,2,1,0,1,6403,24,5,2,0.7346181549775802,-0.6431718645605755
731,21,1,1,2,0,0,1987,24,5,2,-1.5030596032732897,-1.7296159418100965
732,44,0,1,1,0,1,760,8,5,1,-2.052313697226379,0.2199178650736196
733,28,0,2,2,3,3,2603,24,1,1,-0.6885130568173002,-0.97163175811476
734,37,0,2,1,0,3,3380,4,1,1,-0.8830990319715329,0.182035278433675
735,29,0,0,1,4,1,3990,36,2,1,-0.34109780147771146,-0.660638537757854
736,23,0,3,2,0,1,11560,24,1,0,1.410281484382592,-3.2878581444729806
737,35,1,1,1,1,0,4380,18,1,2,-0.0028694028731787646,-0.09072121873402667
738,45,1,3,1,0,3,6761,6,1,2,1.1004033373391915,0.8379592188027468
739,26,0,1,2,1,1,4280,30,0,1,-0.679140885560153,-2.107435059929737
740,32,1,2,1,1,0,2325,24,1,2,0.3464975842486379,-0.36056563285311244
741,23,1,1,1,0,1,1048,10,5,2,-1.6847133667431708,-0.12943093514120274
742,41,1,2,1,4,3,3160,21,5,2,0.322189574856209,1.375103903696223
743,22,1,2,1,2,0,2483,24,4,2,0.003368778041559154,-0.7498763542095046
744,30,1,3,1,4,0,14179,39,4,0,3.8655038731699265,-1.642540290966102
745,28,1,1,1,0,0,1797,13,0,2,-0.8324298596686548,-0.2299028949847579
746,23,0,2,2,0,0,2511,15,1,1,-1.3800662604498133,-2.3326490722619395
747,37,0,1,1,0,0,1274,12,1,1,-1.482142790232279,-0.5018980779017694
748,26,1,2,1,4,3,5248,21,1,2,0.9063638447412324,0.48680171028441455
749,33,1,2,1,0,3,3029,15,1,2,0.02032185949540461,0.5128584386950469
750,49,0,2,1,0,0,428,6,4,1,-1.4896833823918507,0.12783921815518018
751,23,0,1,1,0,0,976,18,1,1,-1.4853225769325702,-1.328850768823388
752,23,0,1,2,1,1,841,12,0,1,-2.238567342175032,-1.4791206250905875
753,25,0,2,1,0,3,5771,30,5,1,0.20946972884741533,-1.3689591577200657
754,55,1,2,0,3,3,1555,12,6,2,0.253455494580158,3.04687062999737
755,32,0,2,2,4,0,1285,24,1,1,-0.8164317939514517,-1.313716550624368
756,74,1,0,1,0,2,1299,6,1,2,-1.1953272214468074,2.9948500652432224
757,39,1,2,0,4,2,1271,15,5,2,0.2550213334373684,2.103738422034
758,31,1,2,1,0,3,1393,24,1,2,0.06311282747913843,0.33442467078971416
759,35,1,2,1,0,0,691,12,1,2,-0.5494537347044492,0.07374471037220003
760,59,0,2,1,4,3,5045,15,1,1,0.559396872397728,1.5269569152039473
761,24,0,2,2,0,0,2124,18,4,1,-1.5978470089562844,-2.3703386831399262
762,24,1,1,1,0,0,2214,12,5,2,-1.3366492841040796,-0.5211724987213218
763,30,1,3,0,4,3,12680,21,1,0,3.64146698979497,0.6097656658611168
764,27,1,2,1,1,3,2463,24,1,2,0.2878716595450369,0.2040796081419075
765,40,1,1,1,0,1,1155,12,5,2,-1.3121850468799368,0.6559899903176934
766,31,1,1,1,0,0,3108,30,4,2,-0.13764329937892725,-0.6995575910731223
767,31,0,2,2,4,3,2901,10,1,1,-1.1455132677888604,-0.3275538622121073
768,28,1,2,2,0,1,3617,12,4,2,-0.968393730710879,-1.0986750987207494
769,63,1,1,1,0,3,1655,12,5,2,-0.8668395283342207,2.3150886228533754
770,26,0,2,2,4,0,2812,24,1,1,-0.5959770863831579,-1.7599784410164352
771,25,0,3,1,0,0,8065,36,3,0,1.697016305231353,-2.7014930596432403
772,36,1,3,1,0,3,3275,21,1,2,0.9312498321937863,0.3241693459743921
773,52,1,2,1,1,3,2223,24,5,2,0.23370441596486558,1.417189137759426
774,66,1,0,0,2,2,1480,12,1,2,-0.2589551926520419,3.54262559591814
775,25,0,2,2,4,0,1371,24,1,1,-0.9048397795083075,-1.6761797114488841
776,37,1,2,1,0,3,3535,36,1,0,1.1341690052274203,0.12468505251091938
777,25,0,2,1,0,0,3509,18,5,1,-0.7812268117133075,-1.688449190186442
778,38,1,3,1,3,3,5711,36,1,0,2.33828612854784,0.32618507047892764
779,67,0,2,1,0,1,3872,18,6,1,-0.16695198784690818,0.642810615419406
780,25,1,2,1,0,1,4933,39,5,0,0.9924627248546503,-1.2986962513959623
781,60,1,2,1,3,3,1940,24,1,2,0.8201256120686051,2.2444550733973307
782,31,1,1,1,0,1,1410,12,3,2,-1.203263517477907,0.20781947926595581
783,23,0,1,1,1,1,836,12,1,1,-1.7199856286066617,-0.7201700826850063
784,60,1,3,1,4,1,6468,20,1,0,2.1808898406536157,1.3800745221399258
785,35,1,1,1,3,1,1941,18,0,2,-0.27050482513175916,0.7629465235576036
786,40,1,2,1,2,3,2675,22,5,2,0.12036745957343783,0.9937752406939904
787,38,1,2,1,4,3,2751,48,1,0,1.8014618522719812,0.6247654233922894
788,50,1,2,0,0,1,6224,48,3,0,2.852493243465805,0.41008503494947046
789,27,1,2,1,0,0,5998,40,3,0,1.4830228461902495,-1.5733878531319656
790,39,0,2,1,0,1,1188,21,0,1,-0.42489409960062735,-0.4976902556871
791,41,1,3,1,4,3,6313,24,1,0,2.032711510450163,0.8949129584133484
792,27,1,2,1,4,3,1221,6,4,2,-0.8653777404445734,1.2433002009595349
793,51,1,2,0,0,2,2892,24,4,2,1.0039789531548384,1.6460313869936116
794,32,1,2,2,2,3,3062,24,4,2,-0.3503827751313453,-0.26016927083686026
795,22,0,2,2,1,3,2301,9,4,1,-1.941470463733028,-1.2602316526260795
796,51,1,2,0,4,0,7511,18,1,0,2.242278423995138,1.5406502494473524
797,22,0,1,2,0,3,1258,12,4,1,-2.628930261022404,-1.2525316103794333
798,54,1,2,1,4,3,717,24,1,2,0.5472983544515851,2.2263916233232974
799,35,1,0,1,4,1,1549,9,1,2,-1.3287585174917456,1.341192167357482
800,54,1,2,0,0,3,1597,24,3,2,0.878916665736829,2.2084206131970734
801,48,0,1,2,0,1,1795,18,5,1,-1.9406889170534696,-0.7247624680623707
802,24,0,2,1,0,0,4272,20,4,1,-0.4527557672045254,-1.8510329711111089
803,35,1,2,1,4,3,976,12,5,2,-0.6185701362427949,1.496708296458702
804,24,0,0,2,4,1,7472,12,1,1,-1.3067497956301481,-1.4026331579120055
805,24,1,2,1,0,0,9271,36,1,0,2.1181412831082693,-1.9013184164261356
806,26,1,1,1,0,1,590,6,5,2,-1.9102324965005202,0.15292021049887985
807,65,1,2,1,4,3,930,12,5,2,-0.1700907446354526,3.0023060188763586
808,55,1,3,0,0,1,9283,42,1,0,4.018885698793917,0.3947043897755713
809,26,0,0,2,0,1,1778,15,1,1,-2.570953392074179,-1.5321397019578846
810,26,1,2,1,0,1,907,8,0,2,-0.728294705531872,-0.01268927577757898
811,28,1,1,1,0,1,484,6,5,2,-1.9011205911499653,0.26199590188046035
812,24,1,2,1,0,0,9629,36,1,0,2.1914350151545037,-1.9361960220267265
813,54,1,2,1,0,0,3051,48,2,0,1.7531606703185194,-0.13973205770822078
814,46,1,2,0,0,0,3931,48,1,0,2.522377748486808,0.17139677694337296
815,54,0,2,2,0,1,7432,36,1,0,1.0438685727720052,-1.5128249529899325
816,62,1,2,1,2,3,1338,6,2,2,-0.24773272243497033,2.667231428260435
817,24,0,2,2,0,3,1554,6,5,1,-2.3619468193917217,-1.2040406739145808
818,43,1,3,1,0,0,15857,36,7,0,3.7139346886383127,-1.8161258681749524
819,26,1,2,1,0,0,1345,18,5,2,-0.6668793091154749,-0.6622689507698131
820,27,1,2,1,0,3,1101,12,1,2,-0.5968141251240647,0.45545731861811667
821,24,1,2,1,0,2,3016,12,5,2,-0.6352599548156531,-0.2110097474184979
822,41,1,2,1,0,0,2712,36,4,2,0.7505788721552705,-0.48416705956321127
823,47,1,1,1,0,0,731,8,1,2,-1.0791883318314457,0.9185853523866736
824,35,1,3,1,0,3,3780,18,4,2,0.5954084161557686,0.2486797226812688
825,30,1,2,1,0,0,1602,21,1,2,-0.030675357931404017,-0.504449057172984
826,33,0,2,2,0,0,3966,18,1,1,-0.7919269406099896,-2.0603788982916775
827,36,1,2,1,0,3,4165,18,0,2,0.5332935249907346,0.47971741439903587
828,47,1,2,0,4,0,8335,36,1,0,3.163627888455594,0.7977229545706848
829,38,1,2,0,4,1,6681,48,0,0,3.3240353203583495,0.4878879011527774
830,44,1,2,1,2,3,2375,24,0,2,0.6962043718817845,1.2365951650630016
831,23,0,2,2,0,0,1216,18,1,1,-1.5050005730605367,-2.3047060426406394
832,29,1,2,2,0,0,11816,45,0,0,2.6027127191213295,-2.888641515101547
833,42,0,2,1,4,1,5084,24,5,1,0.3382448031265243,-0.18623644123458513
834,25,0,1,1,0,2,2327,15,5,1,-1.7060019557235293,-0.7991409491529499
835,48,1,2,1,0,0,1082,12,1,2,-0.2681647452463625,0.6731210657466381
836,21,0,2,1,4,3,886,12,5,1,-1.387648647717701,0.0158214612091406
837,23,0,1,2,0,3,601,4,4,1,-3.1072680550641048,-0.9447280193378494
838,63,1,2,1,0,0,2957,24,1,2,0.8851188663590228,0.9419388917123603
839,46,1,2,1,0,3,2611,24,5,2,0.15673051068177302,0.8962515006427854
840,29,1,2,1,0,0,5179,36,4,0,1.0712889170571842,-1.319400614958113
841,28,1,1,1,0,3,2993,21,1,2,-0.3314081453847914,0.25299157975102526
842,23,0,2,1,0,3,1943,18,6,1,-1.236539953456646,-0.837018774837087
843,50,1,2,1,0,3,1559,24,0,2,0.4872003208654277,1.2683325516850985
844,47,1,2,1,0,3,3422,18,4,2,0.1633171131438149,1.0373560708071587
845,35,1,2,1,4,1,3976,21,4,2,0.5058390608586091,0.4378330581703438
846,68,1,2,2,4,3,6761,18,1,2,1.109258006447318,1.7260056521253577
847,28,1,2,1,0,3,1249,24,1,2,-0.008232038996309053,0.18020363339454168
848,59,1,2,1,0,0,1364,9,5,2,-0.564814446747357,1.212166819884214
849,57,1,1,1,0,0,709,12,5,2,-1.136359983154242,1.2548583227548982
850,33,1,2,2,0,0,2235,20,1,2,-0.5149795050749226,-1.1722794564408017
851,43,1,2,1,4,3,4042,24,1,2,1.059699080966263,1.3540570436888526
852,35,1,2,0,0,3,1471,15,5,2,-0.03444325692936657,1.458645507804888
853,32,1,1,0,0,0,1442,18,1,2,-0.09507924202028538,0.6193777537946172
854,45,1,2,1,0,3,10875,36,1,0,2.7561587446841984,-0.1769740474501617
855,33,1,2,1,1,3,1474,24,1,2,0.18162343364142555,0.5791654005008214
856,40,0,2,1,4,3,894,10,3,1,-0.9921199989305473,1.0431442966431062
857,28,1,2,0,0,3,3343,15,4,2,0.3374304710818867,0.9468223145190254
858,29,0,2,1,0,0,3959,15,1,1,-0.37348036555542247,-1.410344573752841
859,26,1,2,2,1,3,3577,9,1,2,-0.7887382900863886,-0.365600568212868
860,27,1,2,1,3,3,5804,24,1,0,1.107895681902919,0.21504651401913455
861,28,1,2,1,0,3,2169,18,0,2,0.005706118176136201,0.2592700159873764
862,35,0,2,1,0,0,2439,24,5,1,-0.572220809359923,-1.2574107769301537
863,32,1,1,1,3,3,4526,27,4,2,0.2259338506327521,0.6216457651861563
864,25,1,1,2,0,3,2210,10,4,2,-1.937989599021749,-0.371696574893005
865,20,0,2,2,2,3,2221,15,4,1,-1.6469610959596632,-1.3484796252928013
866,27,0,2,1,0,0,2389,18,5,1,-0.9752960809696999,-1.5009884496917751
867,42,1,2,1,0,3,3331,12,4,2,-0.2015410285595284,0.9440895571520656
868,37,1,2,1,4,3,7409,36,0,0,2.294169415744291,0.4438738084633744
869,24,0,2,2,0,0,652,12,4,1,-2.1643934429333904,-2.1007258408970024
870,40,0,2,1,2,3,7678,36,4,0,1.3345949772356633,-0.6151390485562717
871,46,1,2,1,0,2,1343,6,1,2,-0.5225974320607827,1.2496486718205428
872,26,1,2,1,1,0,1382,24,0,2,0.16505251290054476,-0.5838443482200909
873,24,0,2,1,4,3,874,15,2,1,-0.9169867246407982,0.12782530555729885
874,29,1,1,1,0,0,3590,12,4,2,-0.8782830965084826,-0.4067737044985828
875,40,0,2,1,3,1,1322,11,1,1,-0.7250529683504092,0.27717654575057266
876,36,1,3,0,0,0,1940,18,5,2,0.7674875995493122,0.3926724976019602
877,28,1,2,1,0,3,3595,36,5,2,0.6263709250441135,-0.4107143324047783
878,27,1,3,0,0,0,1422,9,1,2,0.5051673506536943,0.2790703191544419
879,36,1,2,1,4,3,6742,30,5,0,1.388603226507508,0.533002911897855
880,38,1,3,1,0,3,7814,24,1,0,2.0273556328993645,-0.09822149001842831
881,48,1,2,0,4,3,9277,24,1,0,2.8197080425454883,1.8880134425791577
882,36,1,2,1,4,1,2181,30,1,2,0.8534358640975335,0.46346994936100516
883,65,0,0,1,0,3,1098,18,5,1,-1.7556145295320924,1.6682852795415868
884,43,1,2,1,0,1,4057,24,4,2,0.5121385346802488,0.0616295997621945
885,53,0,2,1,0,0,795,12,3,1,-0.9803295913054134,0.12898890309910446
886,34,1,2,1,4,1,2825,24,0,2,0.7801598653483579,0.4701911881192789
887,23,1,2,1,0,1,15672,48,0,0,4.046454146610967,-2.580312658496865
888,34,1,3,1,0,3,6614,36,1,0,2.263991709228838,-0.49394060986225935
889,40,1,2,2,4,3,7824,28,1,0,1.3523228901550999,-0.03900072324296807
890,43,1,3,1,0,0,2442,27,0,0,1.2524735178907507,-0.24145707314847525
891,46,1,2,1,0,3,1829,15,5,2,-0.4070072821203865,1.188839346872616
892,38,1,1,1,0,0,2171,12,1,2,-0.7392781523943243,0.21759013856803672
893,34,1,2,1,0,1,5800,36,1,0,1.5628777542129024,-0.8155566266266389
894,29,1,2,1,4,3,1169,18,5,2,-0.39588455652967636,1.0072657967481735
895,31,1,3,1,4,3,8947,36,1,0,2.9636435163316937,-0.17887674691192793
896,28,0,3,2,0,0,2606,21,5,1,-0.8510341023356128,-2.491338708180766
897,35,0,2,1,3,3,1592,12,4,1,-0.998114106906146,0.48232199625328126
898,33,0,1,2,4,3,2186,15,4,1,-1.8626708715056008,-0.2000291161375743
899,42,1,2,1,0,0,4153,18,4,2,0.2499289389879086,-0.12482805341444204
900,43,1,2,2,0,0,2625,16,1,2,-0.4614359148140876,-0.6158525349259981
901,44,1,2,1,4,3,3485,20,1,2,0.7828433245978512,1.5484816870483662
902,42,1,2,0,4,3,10477,36,1,0,3.5157431094178775,1.1650062286524643
903,40,1,2,2,4,3,1386,15,5,2,-0.933974484156686,0.8330915420122534
904,36,1,3,1,0,3,1278,24,5,2,0.27815583596512694,0.34925678874246874
905,20,1,3,2,0,0,1107,12,5,2,-1.1463038887022172,-1.7419035395566884
906,24,1,1,1,4,0,3763,21,1,2,0.04826295348730051,-0.1797656574999982
907,27,1,2,1,4,1,3711,36,3,0,1.106648191392843,-0.31798626946461245
908,46,0,1,1,0,3,3594,15,1,1,-0.7409449304403272,0.456060271117804
909,33,0,1,1,4,1,3195,9,1,1,-1.0144956262754097,0.12527638967828836
910,34,0,2,1,0,3,4454,36,5,1,0.3559187233139839,-0.9790237515943835
911,25,0,1,1,0,1,4736,24,4,1,-0.7044431082650373,-1.532046633338106
912,25,0,2,1,4,1,2991,30,5,1,-0.07351327870218188,-1.0101565109378847
913,28,1,2,1,3,3,2142,11,0,2,-0.11168505206058664,0.9439053612251174
914,31,1,2,2,0,0,3161,24,0,2,-0.07653694266890697,-1.4588778175100798
915,32,0,3,1,0,1,18424,48,7,0,4.073273781445711,-3.4366530462401914
916,32,1,2,1,1,3,2848,10,1,2,-0.18321412204462262,0.7457240214173806
917,68,1,3,1,0,0,14896,6,1,0,3.12913677701035,0.36047362409847183
918,33,1,2,1,1,0,2359,24,4,2,0.0859914475370667,-0.3931412115253532
919,39,1,3,2,0,0,3345,24,4,2,0.23924358251689207,-1.29411155722238
920,28,0,2,1,0,3,1817,18,4,1,-0.9891215128254507,-0.5605513668056127
921,37,1,3,1,2,3,12749,48,5,0,3.8517788525506362,-0.9473333104398464
922,22,0,2,2,0,0,1366,9,5,1,-2.2793229437964135,-2.2163827784835983
923,30,1,2,2,0,1,2002,12,1,2,-0.9703199483836203,-0.8333754495073289
924,55,1,2,1,0,0,6872,24,4,0,1.274726702565049,0.11362921533472557
925,46,1,2,1,0,0,697,12,1,2,-0.37335055218441987,0.5913259003812962
926,21,0,2,2,0,0,1049,18,4,1,-1.8557896684947397,-2.452369883254402
927,39,1,2,0,0,0,10297,48,1,0,3.718413816112933,-0.7970313395876484
928,58,1,2,1,4,3,1867,30,5,2,0.732316006175276,2.0811073112195304
929,43,1,1,1,0,0,1344,12,1,2,-0.8300477874735547,0.5380576747496978
930,24,1,1,1,0,0,1747,24,4,2,-0.78596901406665,-0.8018215754397706
931,22,0,2,1,0,1,1670,9,5,1,-1.6057511812804153,-1.1896565895324396
932,30,1,2,1,0,3,1224,9,1,2,-0.6567019068427916,0.6486881480206782
933,42,1,2,1,2,3,522,12,5,2,-0.7335298446238118,1.5216476397815164
934,23,0,2,1,0,0,1498,12,5,1,-1.4861034529294066,-1.4781633504530558
935,30,1,3,1,1,1,1919,30,5,2,0.6646616662160858,-0.5541581628726393
936,28,0,1,1,0,2,745,9,5,1,-2.24946366692132,-0.3678472493048296
937,30,1,3,2,0,1,2063,6,5,2,-1.0722866836750635,-0.9063379511618519
938,42,1,2,0,0,1,6288,60,3,0,3.2918728542294295,-0.3321014890955619
939,46,1,3,1,4,3,6842,24,1,0,2.223150757925801,1.0666724339648184
940,45,1,3,1,4,3,3527,12,1,2,0.9900101336581351,1.6327957605819794
941,31,1,1,1,0,3,1546,10,1,2,-1.073261946977311,0.799614555729414
942,31,1,2,1,4,3,929,24,4,2,-0.0445107394673244,0.9821765130295965
943,42,1,1,1,0,3,1455,4,1,2,-1.1949126972977135,1.5115834214081274
944,46,0,2,2,0,0,1845,15,4,1,-1.446812990463209,-1.202123266249531
945,30,0,2,1,2,1,8358,48,1,0,2.1638089997476766,-2.010968338566294
946,30,1,2,0,2,0,3349,24,4,2,0.9256683633183627,0.3091491770661252
947,38,1,3,1,4,3,2859,12,1,2,0.747309039635621,1.343447393838512
948,43,1,1,1,0,3,1533,18,4,2,-0.8214719709697808,1.1516901619754305
949,31,1,2,1,1,3,3621,24,5,2,0.2058597348724483,0.20032262096167391
950,40,1,0,1,0,1,3590,18,0,2,-0.5960657573652525,0.4710979850861902
951,24,1,2,1,0,0,2145,36,0,0,0.76811925261217,-1.2483196564909504
952,28,0,2,2,2,1,4113,24,1,1,-0.43099745045809207,-1.882298166515265
953,26,0,3,1,0,3,10974,36,4,0,2.2048984260823667,-2.141621674914875
954,29,0,2,1,0,0,1893,12,1,1,-0.9261533985461555,-1.1593282781065677
955,57,0,3,2,3,0,1231,24,5,1,-0.34888473071347725,-0.48506116261694343
956,49,1,1,1,4,2,3656,30,5,2,0.4217894771038847,1.3382967536902632
957,37,1,1,1,0,1,1154,9,5,2,-1.4854913742982965,0.544688791459984
958,45,1,1,1,0,0,4006,28,1,2,0.4671455706550606,-0.024838710509809504
959,30,1,2,0,1,1,3069,24,4,2,0.7979385982720997,0.4390949789993884
960,30,1,2,2,0,3,1740,6,5,2,-1.6878583038215593,-0.1672766972514891
961,47,1,2,1,0,1,2353,21,1,2,0.3837601345628146,0.5272657115647166
962,29,1,2,1,4,3,3556,15,1,2,0.3452369894872685,0.9063809247937384
963,35,1,2,1,2,3,2397,24,5,2,0.08526385283196738,0.6836352637000034
964,22,1,1,1,0,1,454,6,6,2,-2.089022962816596,-0.08050601868497885
965,26,0,2,1,4,1,1715,30,5,1,-0.31617836544609496,-0.851092263930359
966,23,1,1,1,2,1,2520,27,5,2,-0.472456791208585,-0.4026467963929764
967,54,0,3,2,0,3,3568,15,5,1,-0.5377030241908082,-0.30780809260497066
968,29,1,2,2,4,3,7166,42,5,0,1.2990103477706674,-0.9602195605669073
969,40,1,1,1,0,0,3939,11,1,2,-0.390162970958618,0.16266028686382808
970,22,1,2,1,1,1,1514,15,6,2,-0.8557563354877811,-0.39753633412167283
971,43,1,1,1,0,3,7393,24,1,2,0.9356231195458286,0.49018635219585605
972,29,0,0,2,0,0,1193,24,1,1,-2.2271979989672075,-1.86638309760985
973,36,1,2,2,0,0,7297,60,0,0,2.4715828317203776,-2.5256790812956544
974,33,0,2,1,0,3,2831,30,5,1,-0.25854430193902334,-0.7367032789510322
975,57,0,1,1,2,2,1258,24,5,1,-0.8885589772105038,0.9882685790174546
976,64,0,2,1,0,1,753,6,5,1,-1.2855489176844819,1.0667671688556262
977,42,1,2,1,4,1,2427,18,0,2,0.5539286418965065,1.0431927564329873
978,47,1,1,1,0,3,2538,24,1,2,0.007014287522342491,1.1434248840096388
979,25,1,2,2,1,1,1264,15,1,2,-0.9918408081097957,-0.9309619816710274
980,49,1,2,1,0,1,8386,30,4,0,1.7614402671100842,-0.21501577393343546
981,33,1,3,2,0,3,4844,48,0,0,1.9155066926646298,-1.4673876017260765
982,28,0,3,1,1,2,2923,21,1,1,0.2790067565790742,-0.9728621789388583
983,26,1,2,1,0,0,8229,36,1,0,1.943761683225572,-1.7386458456624505
984,30,1,1,1,0,3,2028,24,4,2,-0.6463421404311406,0.2943087378396993
985,25,0,2,2,0,0,1433,15,4,1,-1.8494577068968916,-2.223079755207464
986,33,1,2,1,0,2,6289,42,0,0,2.0152049413938538,-0.7903765137454594
987,64,0,2,1,1,3,1409,13,5,1,-0.7754687518395018,1.5509431480010047
988,29,1,3,0,0,0,6579,24,1,0,2.269368334034707,-0.507714085045373
989,48,1,1,1,0,1,1743,24,5,2,-0.5187140275733805,0.6513344260360814
990,37,1,1,1,4,3,3565,12,3,2,-0.40171885927541495,1.505748606994578
991,34,1,1,1,1,3,1569,15,5,2,-1.1145082435831049,0.9222043067988275
992,23,1,1,2,4,0,1936,18,5,2,-1.473419125196408,-0.8379362051946513
993,30,1,3,1,0,0,3959,36,4,0,1.3873170220662647,-1.3435000354287172
994,50,1,2,1,4,3,2390,12,1,2,0.2937333145613155,2.137205656852078
995,31,0,1,1,0,3,1736,12,4,1,-1.7707000352206133,-0.10614474416107164
996,40,1,3,1,0,0,3857,30,1,0,1.5384756572345788,-0.63628213107786
997,38,1,2,1,0,3,804,12,5,2,-0.8690459738771401,0.9399181472351748
998,23,1,2,0,0,0,1845,45,5,0,1.2314537136314512,-0.8039154658205486
999,27,1,2,1,1,1,4576,45,1,0,1.6848760251870696,-1.1307101512455637
